Kaynak,Başlık
CNN Türk,Fenerbahçe - Feyenoord maçlarının hakemleri açıklandı
CNN Türk,"Endonezya açıklarında 6,5 büyüklüğünde deprem"
CNN Türk,Milli Güvenlik Kurulu toplanıyor
CNN Türk,SON DAKİKA HABERİ: Daltonlar Suç Örgütü Üyesi Ahmet Aydın Türkiye'ye iade edildi
CNN Türk,SON DAKİKA HABERİ: Beykoz'da orman yangını
CNN Türk,Beyaz Saray detayları paylaştı! ABD ile AB arasında anlaşma sağlandı
CNN Türk,Djordje Nikolic’in Sivasspor macerası sona erdi
CNN Türk,Fransa'dan Filistin kararı: Diğer ülkelere 'ivme' kazandırabilir
CNN Türk,Son dakika: Bu akşam Sayısal Loto çekilişi sonuçları belli oldu! 28 Temmuz 2025 Çılgın Sayısal Loto bilet sonucu sorgulama ekranı!
CNN Türk,"Medvedev’den Trump’a cevap: Rusya, İsrail ya da İran değil"
CNN Türk,Son dakika: Bugünkü On Numara çekilişi sonuçları belli oldu! 28 Temmuz 2025 On Numara bilet sonucu sorgulama ekranı!
CNN Türk,SON DAKİKA HABERİ: Ormanı yakan FETÖ şüphelisi tutuklandı
CNN Türk,"PAZARTESİ GÜNÜ BALIKESİR NÖBETÇİ ECZANELERİ: 28 Temmuz 2025 Akçay, Ayvalık, Altınoluk nöbetçi eczaneler..."
CNN Türk,Shakhtar Donetsk - Beşiktaş maçına İspanyol hakem
CNN Türk,Harmancık Meyrandağı'ndaki yangın havadan görüntülendi
Hürriyet,Aile katliamı! Eşini ve çocuğunu öldürüp intihar etti
Hürriyet,İçişleri Bakanı Yerlikaya duyurdu... Daltonlar suç örgütü üyesi Ahmet Aydın dahil 9 suçlu Türkiye'ye iade edildi
Hürriyet,"Dışişleri Bakan Yardımcısı Yılmaz: Suriye halkı kalıcı barışa bir adım daha yaklaştı, şimdi destek zamanı"
Hürriyet,"Cumhurbaşkanı Erdoğan, Kazakistan Cumhurbaşkanı Tokayev'i karşıladı"
Hürriyet,"Son dakika orman yangını haberleri: Bursa, Karabük ve Kahramanmaraş'ta orman yangınlarında son durum! Bakan Yumaklı: Çok riskli bir haftadayız"
Hürriyet,Bakan Yerlikaya acı haberi verdi! Bir asker şehit oldu
Hürriyet,THY'nin Halep uçuşları yeniden başlıyor
Hürriyet,Son dakika... ICRYPEX CEO’su Gökalp İçer tutuklandı
Hürriyet,TÜRK-İŞ Genel Başkanı Atalay: Madenci sendikamız grevi uygulamak durumunda
Hürriyet,TCMB Başkanı Karahan’dan enflasyon ve dolar rezervi açıklaması
Hürriyet,"Özel hastanede skandal! Hasta odasında kendi doğum yaptı, suç duyurusunda bulundu"
Hürriyet,Feci olay! Gelin arabasının çarptığı Gineli küçük Barry öldü
Hürriyet,Lahmacun salonunda korkutan baca yangını! 15 kişi tahliye edildi
Hürriyet,İstanbul'daki yaşamlarını bırakıp köylerinde bu işe başladılar: 14 taneyle adım atıp sayıyı 41'e çıkardılar
Hürriyet,Isparta'da iki otomobil çarpıştı: 1'i ağır 8 yaralı
TRT Haber,Cumhurbaşkanı Erdoğan: Yeşil vatanımızı korumak için her türlü tedbiri alıyoruz
TRT Haber,Bursa'daki yangınlarla ilgili soruşturma: FETÖ bağlantısı bulunan 1 kişi tutuklandı
TRT Haber,Şırnak'ta kayalıklardan düşen askerimiz şehit oldu
TRT Haber,ICRYPEX Yönetim Kurulu Başkanı Gökalp İçer tutuklandı
TRT Haber,Yangınlarla ilgili provokatif paylaşım yapan 13 kişi hakkında işlem başlatıldı
TRT Haber,Otomotiv sektörü mercek altında: İhlallere ceza yağdı
TRT Haber,"Bakan Şimşek, Bakan Kurumun 500 bin sosyal konut üretme planını açıkladı"
TRT Haber,Kabine 'Terörsüz Türkiye' gündemiyle toplandı
TRT Haber,Gazzede yardım çalışanları da aç kaldı: Tüm sistem çöküyor
TRT Haber,Savunma sanayii diğer kritik alanların da önünü açıyor
TRT Haber,Almanya'da yolcu treni raydan çıktı: 3 ölü
TRT Haber,IDEF'te toplam 9 milyar dolarlık sözleşme hacmine ulaşıldı
TRT Haber,İngiltere kabinesi Gazze için acil toplanacak
TRT Haber,47 ilde sıcaklıklar 40 derecenin üzerinde
TRT Haber,Operasyonun 'sessiz' gücü: Hibrit askeri araçlar
Sözcü,"İmzayı attı, kiralık gitti"
Sözcü,Son dakika... Bakan Yerlikaya duyurdu: 9 suçlu Türkiye'ye iade edildi
Sözcü,Türkiye'nin dev bankası uyardı: Milyonlarca kullanıcının kredi kart limiti iptal edilecek
Sözcü,Feyenoord-F.Bahçe maçlarının hakemleri belli oldu
Sözcü,Medvedev’den Trump’a sert tepki
Sözcü,Son dakika... Atılan meşale yangın çıkardı! Beykoz'da orman yangını paniği
Sözcü,20 yıllık uydu verileri ortaya çıkardı: Eşi benzeri görülmemiş kayıp!
Sözcü,Devrim gibi karar! Maç başı iki kez çağırma hakkı
Sözcü,Orman yangınlarıyla ilgili sorumluluğu belediyelere atan Erdoğan'ın 1998'deki sözleri ortaya çıktı
Sözcü,Gaziantep FK ile Alanyaspor yenişemedi
Sözcü,Beşiktaş'ta sekiz imza
Sözcü,O sigara grubuna ikinci zam!
Sözcü,"Şef 'Yeterince ünlü değilsin' dedi, takipçileri restoranın sonunu getirdi"
Sözcü,Son dakika... Bakan Yerlikaya duyurdu: 1 asker şehit oldu
Sözcü,Shakhtar Donetsk-Beşiktaş maçına İspanyol hakem
Habertürk,Türkiye yangın haritası
Habertürk,Orman yangınları söndürüldü mü?
Habertürk,Kredi borcu yapılandırma başvurusu ne zaman?
Habertürk,MasterChef kim kazandı?
Habertürk,ŞOK 30 Temmuz-5 Ağustos 2025 aktüel ürünler kataloğu
Habertürk,MSB 3097 kura çekimi ne zaman?
Habertürk,Doğum yardımı ödemeleri yattı mı?
Habertürk,Meteoroloji’den hava durumu uyarısı
Habertürk,Kredi kartı faiz oranı ne kadar oldu?
Habertürk,BDKK personel alımı yapacak!
Habertürk,İBB'den çocuklar için ücretsiz kamp!
Habertürk,Fed faiz kararı için geri sayım!
Habertürk,"Geleneksel yöntemle ""beyaz ekmek"" hasadı başladı"
Habertürk,"Felahiye'de ""Gurbetçiler Pilav Festivali"""
Habertürk,YÖKDİL sonuçları ne zaman açıklanacak?
Yeni Şafak,Giresun'da minibüs ile otomobil çarpıştı: 13 yaralı
Yeni Şafak,THY'den Suriye'de yeni rota: Şam'ın ardından Halep uçuşları da yeniden başlıyor
Yeni Şafak,Arda Kardeşler'e Şampiyonlar Ligi'nde görev
Yeni Şafak,Fenerbahçe Samandıra'da çalışmalarına devam etti
Yeni Şafak,Hafıza yeni bölümüyle yayında: İşte 102 yıl sonra Lozan gerçekleri
Yeni Şafak,Beşiktaş 8 futbolcuyla sözleşme imzaladı
Yeni Şafak,Sisi'nin mahkum ettiği Biltaci'nin eşinden ümmete mektup: Masumu kurtaran tüm ademoğlunu kurtarmış gibidir
Yeni Şafak,Ankara'da özel hastanede skandal iddia: Anne hekimsiz doğum yaptı
Yeni Şafak,Başakşehir - Cherno More maçına Ukraynalı hakem
Yeni Şafak,Şırnak'ta Jandarma Uzman Çavuş Mehmet Ali Yıldırım şehit oldu
Yeni Şafak,Bursa'daki orman yangınının kundakçısı FETÖ'cü Ufuk Aytekin tutuklandı
Yeni Şafak,Bakan Yumaklı orman yangınlarında son durumu açıkladı: Üç ildeki yangınlar kontrol altına alındı
Yeni Şafak,Fatih Altaylı’nın sponsoru uyuşturucudan tutuklandı
Yeni Şafak,Çorum FK yeni sezona hazırlanıyor
Yeni Şafak,Suriye'de Esed sonrası ilk seçim: Kadınların sürece katılımı öncelikli hedef
Sabah,Kazakistan Cumhurbaşkanı Tokayev Ankara'da! Başkan Erdoğan havalimanında karşıladı
Sabah,Daltonlar Suç Örgütü Üyesi Ahmet Aydın Gürcistan’da yakalanarak Türkiye'ye iade edildi
Sabah,SON DAKİKA | Meteoroloji tarih verdi! Çöl sıcakları etkisini kaybediyor
Sabah,Trump’ın son tarih restine Rusya’dan sert tepki: “Uykucu Joe'nun yolundan gitmeyin”
Sabah,Katil İsrail'den Gazze'de katliam! Bir günde 100 Filistinli hayatını kaybetti
Sabah,AB'den Temu'ya yasa dışı ürünle mücadele konusunda suçlama
Sabah,SON DAKİKA | SABAH ifadesine ulaştı! İhraç edilen FETÖ’cüden yangın itirafı: Benzin alıp ağaçları tutuşturdum
Sabah,Türkiye’nin GAZAP’ı İsrail'in uykularını kaçırdı! Dünya manşetleri 'Atom' benzetmesi yaptı
Sabah,Mansur Yavaş’ın ‘Ücretsiz aktarma’ oyunu hüsrana dönüştü! Ankaralı isyanda: ‘’Verdiğim oy haram olsun’’
Sabah,"“Uçak yok, müdahale edilmiyor” yalanı çöktü: Türkiye, orman yangınlarıyla mücadelede Avrupa’nın en güçlü ülkeleri arasında"
Milliyet,SON DAKİKA! Bakan Yerlikaya duyurdu: Kırmızı bültenle aranan 8 kişi yakalanarak Türkiye'ye getirildi
Milliyet,Adana'da aile faciası! Karısını ve kızını öldürüp intihar etti! Öldürülen kadının paylaşımı yürek burktu
Milliyet,"SON DAKİKA ORMAN YANIGINI: Beykoz'da orman yangını çıktı! Beykoz orman yangını son durum nedir, söndürüldü mü?"
Milliyet,Bakan Yerlikaya duyurdu! Kayalıklardan düşen jandarma uzman çavuş şehit oldu
Milliyet,SON DAKİKA YANGIN HABERLERİ: Orman yangınlarında son durum nedir? İl il yangın haberleri...
Milliyet,Dışişleri Bakanı Hakan Fidan'dan AB'ye üyelik mesajı: Güvenilir ve ilkeli bir genişleme politikası acil ihtiyaç
Milliyet,Kazakistan Cumhurbaşkanı Tokayev Ankara'da! Cumhurbaşkanı Erdoğan karşıladı
Milliyet,Bakan Tunç'tan Bursa'daki orman yangınıyla ilgili tutuklamaya ilişkin açıklama
Milliyet,Orman yakan FETÖ'cü kundakçı tutuklandı
Milliyet,Gökalp İçer tutuklandı! İstanbul'da uyuşturucu temin ettiği kişi yoğun bakıma kaldırılmıştı
Milliyet,Bitlis'te feci olay! Babası tarla sürerken traktörden düştü hayatını kaybetti
Milliyet,"Muğla'da kürek sörfü yaparken suya düştü, 4 gündür bulunamadı"
Milliyet,Erdoğan'dan orman yangınlarıyla ilgili son dakika açıklaması: 51 ilde AFAD devreye girecek!
Milliyet,İzmir Bornova'da orman yangını! Alevler Buca'ya sıçradı
Milliyet,"Beklenen gün geldi: Sabah 10.00’da işimiz bitiyor, bu yıl daha kıymetli"
Euronews Türkçe,Iona Kasırgası Pasifik'te güçlendi: Hawaii için bir tehdit bulunmuyor
Euronews Türkçe,"Çin'de şiddetli yağışlar nedeniyle en az dört kişi öldü, kayıplar var"
Euronews Türkçe,Rodos'ta İsrail'e ait kruvaziyer protesto edildi: Polisle arbede çıktı
Euronews Türkçe,Hindistan: Keşmir'de çıkan çatışmada üç militan öldürüldü
Euronews Türkçe,"Turks ve Caicos Adaları'nda silahlı saldırı: Üç ölü, 10 yaralı"
Euronews Türkçe,Ekrem İmamoğlu'nun yüksek lisans diploması iptal edildi
Euronews Türkçe,"Almanya: Tren kazasında 3 ölü, çok sayıda yaralı"
Euronews Türkçe,Rus havayolu şirketi Aeroflot’a siber saldırı: Onlarca uçuş iptal edildi
Euronews Türkçe,Taktiksel ara sonrası yardım tırları Gazze yolunda
Euronews Türkçe,Mexico City'de tarihi kutlama: Tenochtitlan 700 yaşında
Euronews Türkçe,"Tayland'da pazarda silahlı saldırı: Silahlı saldırgan, 5 kişiyi öldürüp intihar etti"
Euronews Türkçe,BM'de İsrail ve Filistin için iki devletli çözüm konulu konferans yapılacak
Euronews Türkçe,Suriye'de Esad'ın devrilmesinden bu yana ilk parlamento seçimleri yapılacak
Euronews Türkçe,Tayland ve Kamboçya çatışmalar devam ederken ateşkes görüşmeleri için Malezya'da bir araya geldi
Euronews Türkçe,Gazze'deki Filistinliler: Yardımlar tüm ihtiyaç sahiplerine ulaşmıyor
BBC Türkçe,İki İsrailli insan hakları örgütü: 'İsrail Gazze'de soykırım yapıyor'
BBC Türkçe,"Orman yangınlarında gönüllüler nasıl dahil oluyor, personel sayısı yeterli mi?"
BBC Türkçe,Mülk karşılığı Karayip ülkesi pasaportuna Türkler de ilgi gösteriyor
BBC Türkçe,Hatay'da 'aşırı sıvı kaybı' sonucu iki askerin ölümüyle ilgili neler biliniyor?
BBC Türkçe,İsrail'de plaj kabininde çocuk fotoğrafı çektiği iddia edilen Türk gözaltında
BBC Türkçe,Erdoğan'dan orman yangınları mesajı: 'İtfaiyecilik büyükşehirlerin işidir'
BBC Türkçe,İngiltere'nin Euro 2025 zaferi: Takımın stoperi turnuvayı ayağında çatlakla oynadı
BBC Türkçe,Google Kahramanmaraş depremlerinde 10 milyon kişiye uyarı gönderemediğini kabul etti
BBC Türkçe,ABD-AB gümrük vergilerinde uzlaştı: Ticaret anlaşması neden önemli?
BBC Türkçe,Tayland - Kamboçya çatışmasında Trump'ın baskısıyla müzakere kararı
BBC Türkçe,Sıcak havada serin ve sağlıklı kalmak için ne yapabiliriz?
BBC Türkçe,"Güneş kremi: Mineral mi kimyasal mı, hangisi daha iyi?"
BBC Türkçe,Yaz ile ilgili yaygın bilinen yanlışlar
BBC Türkçe,Islak termometre sıcaklığı nedir ve neden önemli?
BBC Türkçe,Abone olmak için tıklayın
Anadolu Ajansı,Pakistan Enformasyon Bakanı Tarar'dan Cumhurbaşkanı Erdoğan'ın küresel alandaki güçlü duruşuna övgü
Anadolu Ajansı,"ABD: BM'deki ""Filistin meselesine barışçıl ve iki devletli çözüm"" konferansını reddediyoruz"
Anadolu Ajansı,Şırnak'ta kayalıklardan düşen jandarma uzman çavuş şehit oldu
Anadolu Ajansı,"Bakan Fidan, AB Komisyonu Üyesi Kos'la görüşmesinde Türkiye'nin AB sürecine bağlılığını vurguladı"
Anadolu Ajansı,"Endonezya açıklarında 6,5 büyüklüğünde deprem"
Anadolu Ajansı,Fenerbahçe'nin Feyenoord maçlarını yönetecek hakemler belli oldu
Anadolu Ajansı,"BM Güvenlik Konseyi, Suriye'deki durumu görüştü"
Anadolu Ajansı,"La Liga'da teknik direktörlere ""VAR incelemesi talep etme"" hakkı"
Anadolu Ajansı,"Fransa: Filistin'i tanıma kararımız diğer ülkelere bu konuda ""ivme"" kazandırabilir"
Anadolu Ajansı,"Beyaz Saray, ABD ile AB arasındaki ticaret anlaşmasının detaylarını açıkladı"
Anadolu Ajansı,"Cumhurbaşkanı Erdoğan, Kazakistan Cumhurbaşkanı Tokayev'i resmi törenle karşıladı"
Anadolu Ajansı,Bursa'daki Orhaneli-Harmancık orman yangınıyla ilgili tutuklanan şüpheli suçunu itiraf etti
Anadolu Ajansı,"Rusya Devlet Başkanı Putin, İsrail Başbakanı Netanyahu ile Orta Doğu'daki durumu görüştü"
Anadolu Ajansı,THY'nin Halep uçuşları yeniden başlıyor
Anadolu Ajansı,Shakhtar Donetsk-Beşiktaş rövanş maçını hakem Juan Martinez Munuera yönetecek
